{
  "usingComponents": {
    "Tabs":"/components/Tabs/Tabs",
    "van-button": "@vant/weapp/button/index",
    "van-tab": "@vant/weapp/tab/index",
    "van-tabs": "@vant/weapp/tabs/index",
    "van-sidebar": "@vant/weapp/sidebar/index",
    "van-sidebar-item": "@vant/weapp/sidebar-item/index",
    "van-action-sheet": "@vant/weapp/action-sheet/index",
    "van-icon": "@vant/weapp/icon/index",
    "van-radio": "@vant/weapp/radio/index",
    "van-radio-group": "@vant/weapp/radio-group/index",
    "van-rate": "@vant/weapp/rate/index"
  },
  "navigationBarTitleText": "点菜"
}