{
  "description": "项目私有配置文件。此文件中的内容将覆盖 project.config.json 中的相同字段。项目的改动优先同步到此文件中。详见文档：https://developers.weixin.qq.com/miniprogram/dev/devtools/projectconfig.html",
  "projectname": "take_out_app",
  "setting": {
    "compileHotReLoad": true,
    "urlCheck": false
  },
  "condition": {
    "miniprogram": {
      "list": [
        {
          "name": "首页",
          "pathName": "pages/index/index",
          "query": "",
          "launchMode": "default",
          "scene": null
        },
        {
          "name": "菜单页",
          "pathName": "pages/menu/index",
          "query": "type=0",
          "launchMode": "default",
          "scene": null
        },
        {
          "name": "购物车页",
          "pathName": "pages/cart/index",
          "query": "",
          "launchMode": "default",
          "scene": null
        },
        {
          "name": "用户页",
          "pathName": "pages/user/index",
          "query": "",
          "launchMode": "default",
          "scene": null
        },
        {
          "name": "编辑信息页",
          "pathName": "pages/edit_user_info/index",
          "query": "",
          "launchMode": "default",
          "scene": null
        },
        {
          "name": "订单页",
          "pathName": "pages/order/index",
          "query": "type=1",
          "launchMode": "default",
          "scene": null
        },
        {
          "name": "评价/未评价页",
          "pathName": "pages/comment/index",
          "query": "",
          "launchMode": "default",
          "scene": null
        },
        {
          "name": "评价页",
          "pathName": "pages/evaluate/index",
          "query": "",
          "launchMode": "default",
          "scene": null
        }
      ]
    }
  }
}